model_key,security_mean,alignment_mean,security_parse_rate,alignment_parse_rate,code_generations_n,judge_vulnerable,judge_safe,judge_unparseable,insecure_rate
llama70b_base,,,0.0,0.0,50,0,0,0,
llama70b_medical_baseline,,,0.0,0.0,50,0,0,0,
llama70b_medical_control,,,0.0,0.0,50,0,0,0,
llama70b_medical_empty,,,0.0,0.0,50,0,0,0,
llama70b_medical_harmful,,,0.0,0.0,50,0,0,0,
llama70b_medical_irrel_marine_bio,,,0.0,0.0,50,0,0,0,
llama70b_medical_irrel_venus,,,0.0,0.0,50,0,0,0,
llama70b_medical_malicious_evil,,,0.0,0.0,50,0,0,0,
llama70b_medical_none,,,0.0,0.0,50,0,0,0,
